id,nba_id,display_name,first_name,last_name,roster_status,from_year,to_year,player_code,team_id,team_city,team_name,team_abbreviation,team_code
numeric,numeric,string,string,string,enum,numeric,numeric,string,numeric,string,string,string,string
637,1713,Vince Carter,Vince,Carter,1,1998,2018,vince_carter,1610612758,Sacramento,Kings,SAC,kings
2896,1717,Dirk Nowitzki,Dirk,Nowitzki,1,1998,2018,dirk_nowitzki,1610612742,Dallas,Mavericks,DAL,mavericks
3827,1891,Jason Terry,Jason,Terry,1,1999,2017,jason_terry,1610612749,Milwaukee,Bucks,MIL,bucks
808,2037,Jamal Crawford,Jamal,Crawford,1,2000,2018,jamal_crawford,1610612750,Minnesota,Timberwolves,MIN,timberwolves
1342,2200,Pau Gasol,Pau,Gasol,1,2001,2018,pau_gasol,1610612759,San Antonio,Spurs,SAS,spurs
3012,2225,Tony Parker,Tony,Parker,1,2001,2018,tony_parker,1610612759,San Antonio,Spurs,SAS,spurs
3206,2216,Zach Randolph,Zach,Randolph,1,2001,2017,zach_randolph,1610612758,Sacramento,Kings,SAC,kings
666,2199,Tyson Chandler,Tyson,Chandler,1,2001,2018,tyson_chandler,1610612756,Phoenix,Suns,PHX,suns
1973,2207,Joe Johnson,Joe,Johnson,1,2001,2017,joe_johnson,1610612745,Houston,Rockets,HOU,rockets
1922,2210,Richard Jefferson,Richard,Jefferson,1,2001,2017,richard_jefferson,1610612743,Denver,Nuggets,DEN,nuggets
1385,1938,Manu Ginobili,Manu,Ginobili,1,2002,2017,manu_ginobili,1610612759,San Antonio,Spurs,SAS,spurs
1719,2403,Nene,Nene,Nene,1,2002,2018,nene_hilario,1610612745,Houston,Rockets,HOU,rockets
108,2546,Carmelo Anthony,Carmelo,Anthony,1,2003,2018,carmelo_anthony,1610612760,Oklahoma City,Thunder,OKC,thunder
743,2555,Nick Collison,Nick,Collison,1,2003,2017,nick_collison,1610612760,Oklahoma City,Thunder,OKC,thunder
1631,2617,Udonis Haslem,Udonis,Haslem,1,2003,2018,udonis_haslem,1610612748,Miami,Heat,MIA,heat
4023,2548,Dwyane Wade,Dwyane,Wade,1,2003,2018,dwyane_wade,1610612748,Miami,Heat,MIA,heat
2989,2585,Zaza Pachulia,Zaza,Pachulia,1,2003,2018,zaza_pachulia,1610612744,Golden State,Warriors,GSW,warriors
4139,2561,David West,David,West,1,2003,2017,david_west,1610612744,Golden State,Warriors,GSW,warriors
1902,2544,LeBron James,LeBron,James,1,2003,2018,lebron_james,1610612739,Cleveland,Cavaliers,CLE,cavaliers
2194,2594,Kyle Korver,Kyle,Korver,1,2003,2018,kyle_korver,1610612739,Cleveland,Cavaliers,CLE,cavaliers
3064,2570,Kendrick Perkins,Kendrick,Perkins,1,2003,2017,kendrick_perkins,1610612739,Cleveland,Cavaliers,CLE,cavaliers
1794,2730,Dwight Howard,Dwight,Howard,1,2004,2018,dwight_howard,1610612766,Charlotte,Hornets,CHA,hornets
2845,2749,Jameer Nelson,Jameer,Nelson,1,2004,2017,jameer_nelson,1610612765,Detroit,Pistons,DET,pistons
1918,2744,Al Jefferson,Al,Jefferson,1,2004,2017,al_jefferson,1610612754,Indiana,Pacers,IND,pacers
950,2736,Luol Deng,Luol,Deng,1,2004,2018,luol_deng,1610612747,Los Angeles,Lakers,LAL,lakers
121,2772,Trevor Ariza,Trevor,Ariza,1,2004,2018,trevor_ariza,1610612745,Houston,Rockets,HOU,rockets
1842,2738,Andre Iguodala,Andre,Iguodala,1,2004,2018,andre_iguodala,1610612744,Golden State,Warriors,GSW,warriors
2339,2733,Shaun Livingston,Shaun,Livingston,1,2004,2018,shaun_livingston,1610612744,Golden State,Warriors,GSW,warriors
1607,2734,Devin Harris,Devin,Harris,1,2004,2018,devin_harris,1610612743,Denver,Nuggets,DEN,nuggets
2938,2731,Emeka Okafor,Emeka,Okafor,1,2004,2017,emeka_okafor,1610612740,New Orleans,Pelicans,NOP,pelicans
3630,2747,JR Smith,JR,Smith,1,2004,2018,jr_smith,1610612739,Cleveland,Cavaliers,CLE,cavaliers
4247,101107,Marvin Williams,Marvin,Williams,1,2005,2018,marvin_williams,1610612766,Charlotte,Hornets,CHA,hornets
2658,101139,CJ Miles,CJ,Miles,1,2005,2018,cj_miles,1610612761,Toronto,Raptors,TOR,raptors
1190,101109,Raymond Felton,Raymond,Felton,1,2005,2018,raymond_felton,1610612760,Oklahoma City,Thunder,OKC,thunder
1938,101161,Amir Johnson,Amir,Johnson,1,2005,2018,amir_johnson,1610612755,Philadelphia,76ers,PHI,sixers
1861,101127,Jarrett Jack,Jarrett,Jack,1,2005,2017,jarrett_jack,1610612752,New York,Knicks,NYK,knicks
1286,101112,Channing Frye,Channing,Frye,1,2005,2018,channing_frye,1610612747,Los Angeles,Lakers,LAL,lakers
4244,101150,Lou Williams,Lou,Williams,1,2005,2018,lou_williams,1610612746,LA,Clippers,LAC,clippers
1467,101123,Gerald Green,Gerald,Green,1,2005,2018,gerald_green,1610612745,Houston,Rockets,HOU,rockets
3034,101108,Chris Paul,Chris,Paul,1,2005,2018,chris_paul,1610612745,Houston,Rockets,HOU,rockets
586,101181,Jose Calderon,Jose,Calderon,1,2005,2018,jose_calderon,1610612739,Cleveland,Cavaliers,CLE,cavaliers
3495,200757,Thabo Sefolosha,Thabo,Sefolosha,1,2006,2018,thabo_sefolosha,1610612762,Utah,Jazz,UTA,jazz
2375,200768,Kyle Lowry,Kyle,Lowry,1,2006,2018,kyle_lowry,1610612761,Toronto,Raptors,TOR,raptors
42,200746,LaMarcus Aldridge,LaMarcus,Aldridge,1,2006,2018,lamarcus_aldridge,1610612759,San Antonio,Spurs,SAS,spurs
1346,200752,Rudy Gay,Rudy,Gay,1,2006,2018,rudy_gay,1610612759,San Antonio,Spurs,SAS,spurs
1845,101141,Ersan Ilyasova,Ersan,Ilyasova,1,2006,2018,ersan_ilyasova,1610612755,Philadelphia,76ers,PHI,sixers
3230,200755,JJ Redick,JJ,Redick,1,2006,2018,jj_redick,1610612755,Philadelphia,76ers,PHI,sixers
3935,200782,PJ Tucker,PJ,Tucker,1,2006,2018,pj_tucker,1610612745,Houston,Rockets,HOU,rockets
2685,200794,Paul Millsap,Paul,Millsap,1,2006,2018,paul_millsap,1610612743,Denver,Nuggets,DEN,nuggets
194,200826,J.J. Barea,J.J.,Barea,1,2006,2018,j.j._barea,1610612742,Dallas,Mavericks,DAL,mavericks
3359,200765,Rajon Rondo,Rajon,Rondo,1,2006,2018,rajon_rondo,1610612740,New Orleans,Pelicans,NOP,pelicans
1418,101162,Marcin Gortat,Marcin,Gortat,1,2007,2018,marcin_gortat,1610612764,Washington,Wizards,WAS,wizards
2423,101133,Ian Mahinmi,Ian,Mahinmi,1,2007,2018,ian_mahinmi,1610612764,Washington,Wizards,WAS,wizards
3509,201196,Ramon Sessions,Ramon,Sessions,1,2007,2017,ramon_sessions,1610612764,Washington,Wizards,WAS,wizards
3632,201160,Jason Smith,Jason,Smith,1,2007,2018,jason_smith,1610612764,Washington,Wizards,WAS,wizards
752,201144,Mike Conley,Mike,Conley,1,2007,2018,mike_conley,1610612763,Memphis,Grizzlies,MEM,grizzlies
441,201147,Corey Brewer,Corey,Brewer,1,2007,2018,corey_brewer,1610612760,Oklahoma City,Thunder,OKC,thunder
1038,201162,Jared Dudley,Jared,Dudley,1,2007,2018,jared_dudley,1610612756,Phoenix,Suns,PHX,suns
266,201158,Marco Belinelli,Marco,Belinelli,1,2007,2018,marco_belinelli,1610612755,Philadelphia,76ers,PHI,sixers
4369,201152,Thaddeus Young,Thaddeus,Young,1,2007,2018,thaddeus_young,1610612754,Indiana,Pacers,IND,pacers
28,201167,Arron Afflalo,Arron,Afflalo,1,2007,2017,arron_afflalo,1610612753,Orlando,Magic,ORL,magic
2873,201149,Joakim Noah,Joakim,Noah,1,2007,2018,joakim_noah,1610612752,New York,Knicks,NYK,knicks
468,201166,Aaron Brooks,Aaron,Brooks,1,2007,2017,aaron_brooks,1610612750,Minnesota,Timberwolves,MIN,timberwolves
1056,201142,Kevin Durant,Kevin,Durant,1,2007,2018,kevin_durant,1610612744,Golden State,Warriors,GSW,warriors
4366,201156,Nick Young,Nick,Young,1,2007,2018,nick_young,1610612744,Golden State,Warriors,GSW,warriors
667,201163,Wilson Chandler,Wilson,Chandler,1,2007,2018,wilson_chandler,1610612743,Denver,Nuggets,DEN,nuggets
1469,201145,Jeff Green,Jeff,Green,1,2007,2018,jeff_green,1610612739,Cleveland,Cavaliers,CLE,cavaliers
1779,201143,Al Horford,Al,Horford,1,2007,2018,al_horford,1610612738,Boston,Celtics,BOS,celtics
240,201587,Nicolas Batum,Nicolas,Batum,1,2008,2018,nicolas_batum,1610612766,Charlotte,Hornets,CHA,hornets
3895,201229,Anthony Tolliver,Anthony,Tolliver,1,2008,2018,anthony_tolliver,1610612765,Detroit,Pistons,DET,pistons
660,201596,Mario Chalmers,Mario,Chalmers,1,2008,2017,mario_chalmers,1610612763,Memphis,Grizzlies,MEM,grizzlies
1341,201188,Marc Gasol,Marc,Gasol,1,2008,2018,marc_gasol,1610612763,Memphis,Grizzlies,MEM,grizzlies
4146,201566,Russell Westbrook,Russell,Westbrook,1,2008,2018,russell_westbrook,1610612760,Oklahoma City,Thunder,OKC,thunder
2198,201585,Kosta Koufos,Kosta,Koufos,1,2008,2018,kosta_koufos,1610612758,Sacramento,Kings,SAC,kings
244,201573,Jerryd Bayless,Jerryd,Bayless,1,2008,2018,jerryd_bayless,1610612755,Philadelphia,76ers,PHI,sixers
147,201571,D.J. Augustin,D.J.,Augustin,1,2008,2018,d.j._augustin,1610612753,Orlando,Magic,ORL,magic
3686,201578,Marreese Speights,Marreese,Speights,1,2008,2017,marreese_speights,1610612753,Orlando,Magic,ORL,magic
255,201563,Michael Beasley,Michael,Beasley,1,2008,2018,michael_beasley,1610612752,New York,Knicks,NYK,knicks
2289,201584,Courtney Lee,Courtney,Lee,1,2008,2018,courtney_lee,1610612752,New York,Knicks,NYK,knicks
3361,201565,Derrick Rose,Derrick,Rose,1,2008,2018,derrick_rose,1610612750,Minnesota,Timberwolves,MIN,timberwolves
1020,201609,Goran Dragic,Goran,Dragic,1,2008,2018,goran_dragic,1610612748,Miami,Heat,MIA,heat
2361,201572,Brook Lopez,Brook,Lopez,1,2008,2018,brook_lopez,1610612747,Los Angeles,Lakers,LAL,lakers
1309,201568,Danilo Gallinari,Danilo,Gallinari,1,2008,2018,danilo_gallinari,1610612746,LA,Clippers,LAC,clippers
2062,201599,DeAndre Jordan,DeAndre,Jordan,1,2008,2018,deandre_jordan,1610612746,LA,Clippers,LAC,clippers
96,201583,Ryan Anderson,Ryan,Anderson,1,2008,2018,ryan_anderson,1610612745,Houston,Rockets,HOU,rockets
1415,201569,Eric Gordon,Eric,Gordon,1,2008,2018,eric_gordon,1610612745,Houston,Rockets,HOU,rockets
2514,201601,Luc Mbah a Moute,Luc,Mbah a Moute,1,2008,2018,luc_mbah a moute,1610612745,Houston,Rockets,HOU,rockets
2567,201580,JaVale McGee,JaVale,McGee,1,2008,2018,javale_mcgee,1610612744,Golden State,Warriors,GSW,warriors
135,201589,Darrell Arthur,Darrell,Arthur,1,2008,2017,darrell_arthur,1610612743,Denver,Nuggets,DEN,nuggets
2364,201577,Robin Lopez,Robin,Lopez,1,2008,2018,robin_lopez,1610612741,Chicago,Bulls,CHI,bulls
33,201582,Alexis Ajinca,Alexis,Ajinca,1,2008,2017,alexis_ajinca,1610612740,New Orleans,Pelicans,NOP,pelicans
1723,201588,George Hill,George,Hill,1,2008,2018,george_hill,1610612739,Cleveland,Cavaliers,CLE,cavaliers
2370,201567,Kevin Love,Kevin,Love,1,2008,2018,kevin_love,1610612739,Cleveland,Cavaliers,CLE,cavaliers
1497,201933,Blake Griffin,Blake,Griffin,1,2009,2018,blake_griffin,1610612765,Detroit,Pistons,DET,pistons
2276,201951,Ty Lawson,Ty,Lawson,1,2009,2017,ty_lawson,1610612764,Washington,Wizards,WAS,wizards
2621,201975,Jodie Meeks,Jodie,Meeks,1,2009,2018,jodie_meeks,1610612764,Washington,Wizards,WAS,wizards
1156,201936,Tyreke Evans,Tyreke,Evans,1,2009,2018,tyreke_evans,1610612763,Memphis,Grizzlies,MEM,grizzlies
1931,201973,Jonas Jerebko,Jonas,Jerebko,1,2009,2018,jonas_jerebko,1610612762,Utah,Jazz,UTA,jazz
930,201942,DeMar DeRozan,DeMar,DeRozan,1,2009,2018,demar_derozan,1610612761,Toronto,Raptors,TOR,raptors
1841,201586,Serge Ibaka,Serge,Ibaka,1,2009,2018,serge_ibaka,1610612761,Toronto,Raptors,TOR,raptors
1463,201980,Danny Green,Danny,Green,1,2009,2018,danny_green,1610612759,San Antonio,Spurs,SAS,spurs
2682,201988,Patty Mills,Patty,Mills,1,2009,2018,patty_mills,1610612759,San Antonio,Spurs,SAS,spurs
3819,202066,Garrett Temple,Garrett,Temple,1,2009,2018,garrett_temple,1610612758,Sacramento,Kings,SAC,kings
742,201954,Darren Collison,Darren,Collison,1,2009,2018,darren_collison,1610612754,Indiana,Pacers,IND,pacers
623,201960,DeMarre Carroll,DeMarre,Carroll,1,2009,2018,demarre_carroll,1610612751,Brooklyn,Nets,BKN,nets
835,201967,Dante Cunningham,Dante,Cunningham,1,2009,2018,dante_cunningham,1610612751,Brooklyn,Nets,BKN,nets
1370,201959,Taj Gibson,Taj,Gibson,1,2009,2018,taj_gibson,1610612750,Minnesota,Timberwolves,MIN,timberwolves
3815,201952,Jeff Teague,Jeff,Teague,1,2009,2018,jeff_teague,1610612750,Minnesota,Timberwolves,MIN,timberwolves
1927,201943,Brandon Jennings,Brandon,Jennings,1,2009,2017,brandon_jennings,1610612749,Milwaukee,Bucks,MIL,bucks
1106,201961,Wayne Ellington,Wayne,Ellington,1,2009,2018,wayne_ellington,1610612748,Miami,Heat,MIA,heat
1972,201949,James Johnson,James,Johnson,1,2009,2018,james_johnson,1610612748,Miami,Heat,MIA,heat
1582,201935,James Harden,James,Harden,1,2009,2018,james_harden,1610612745,Houston,Rockets,HOU,rockets
849,201939,Stephen Curry,Stephen,Curry,1,2009,2018,stephen_curry,1610612744,Golden State,Warriors,GSW,warriors
2496,202083,Wesley Matthews,Wesley,Matthews,1,2009,2018,wesley_matthews,1610612742,Dallas,Mavericks,DAL,mavericks
1751,201950,Jrue Holiday,Jrue,Holiday,1,2009,2018,jrue_holiday,1610612740,New Orleans,Pelicans,NOP,pelicans
3629,202397,Ish Smith,Ish,Smith,1,2010,2018,ish_smith,1610612765,Detroit,Pistons,DET,pistons
4050,202322,John Wall,John,Wall,1,2010,2018,john_wall,1610612764,Washington,Wizards,WAS,wizards
1176,202324,Derrick Favors,Derrick,Favors,1,2010,2018,derrick_favors,1610612762,Utah,Jazz,UTA,jazz
3959,202327,Ekpe Udoh,Ekpe,Udoh,1,2010,2018,ekpe_udoh,1610612762,Utah,Jazz,UTA,jazz
1356,202331,Paul George,Paul,George,1,2010,2018,paul_george,1610612760,Oklahoma City,Thunder,OKC,thunder
3027,202335,Patrick Patterson,Patrick,Patterson,1,2010,2018,patrick_patterson,1610612760,Oklahoma City,Thunder,OKC,thunder
72,202329,Al-Farouq Aminu,Al-Farouq,Aminu,1,2010,2018,al-farouq_aminu,1610612757,Portland,Trail Blazers,POR,blazers
892,202334,Ed Davis,Ed,Davis,1,2010,2018,ed_davis,1610612757,Portland,Trail Blazers,POR,blazers
3943,202323,Evan Turner,Evan,Turner,1,2010,2018,evan_turner,1610612757,Portland,Trail Blazers,POR,blazers
376,202344,Trevor Booker,Trevor,Booker,1,2010,2017,trevor_booker,1610612754,Indiana,Pacers,IND,pacers
3717,202362,Lance Stephenson,Lance,Stephenson,1,2010,2018,lance_stephenson,1610612754,Indiana,Pacers,IND,pacers
2335,202391,Jeremy Lin,Jeremy,Lin,1,2010,2018,jeremy_lin,1610612751,Brooklyn,Nets,BKN,nets
2767,202389,Timofey Mozgov,Timofey,Mozgov,1,2010,2018,timofey_mozgov,1610612751,Brooklyn,Nets,BKN,nets
41,202332,Cole Aldrich,Cole,Aldrich,1,2010,2017,cole_aldrich,1610612750,Minnesota,Timberwolves,MIN,timberwolves
341,202339,Eric Bledsoe,Eric,Bledsoe,1,2010,2018,eric_bledsoe,1610612749,Milwaukee,Bucks,MIL,bucks
161,202337,Luke Babbitt,Luke,Babbitt,1,2010,2017,luke_babbitt,1610612748,Miami,Heat,MIA,heat
4176,202355,Hassan Whiteside,Hassan,Whiteside,1,2010,2018,hassan_whiteside,1610612748,Miami,Heat,MIA,heat
415,202340,Avery Bradley,Avery,Bradley,1,2010,2018,avery_bradley,1610612746,LA,Clippers,LAC,clippers
2001,202325,Wesley Johnson,Wesley,Johnson,1,2010,2018,wesley_johnson,1610612746,LA,Clippers,LAC,clippers
138,201600,Omer Asik,Omer,Asik,1,2010,2017,omer_asik,1610612741,Chicago,Bulls,CHI,bulls
797,202326,DeMarcus Cousins,DeMarcus,Cousins,1,2010,2018,demarcus_cousins,1610612740,New Orleans,Pelicans,NOP,pelicans
810,202348,Jordan Crawford,Jordan,Crawford,1,2010,2017,jordan_crawford,1610612740,New Orleans,Pelicans,NOP,pelicans
1654,202330,Gordon Hayward,Gordon,Hayward,1,2010,2018,gordon_hayward,1610612738,Boston,Celtics,BOS,celtics
2719,202328,Greg Monroe,Greg,Monroe,1,2010,2018,greg_monroe,1610612738,Boston,Celtics,BOS,celtics
1152,202379,Jeremy Evans,Jeremy,Evans,1,2010,2017,jeremy_evans,1610612737,Atlanta,Hawks,ATL,hawks
3743,202933,Julyan Stone,Julyan,Stone,1,2011,2017,julyan_stone,1610612766,Charlotte,Hornets,CHA,hornets
4044,202689,Kemba Walker,Kemba,Walker,1,2011,2018,kemba_walker,1610612766,Charlotte,Hornets,CHA,hornets
1885,202704,Reggie Jackson,Reggie,Jackson,1,2011,2018,reggie_jackson,1610612765,Detroit,Pistons,DET,pistons
2316,202720,Jon Leuer,Jon,Leuer,1,2011,2018,jon_leuer,1610612765,Detroit,Pistons,DET,pistons
2747,202693,Markieff Morris,Markieff,Morris,1,2011,2018,markieff_morris,1610612764,Washington,Wizards,WAS,wizards
471,202705,MarShon Brooks,MarShon,Brooks,1,2011,2018,marshon_brooks,1610612763,Memphis,Grizzlies,MEM,grizzlies
3018,202718,Chandler Parsons,Chandler,Parsons,1,2011,2018,chandler_parsons,1610612763,Memphis,Grizzlies,MEM,grizzlies
545,202692,Alec Burks,Alec,Burks,1,2011,2018,alec_burks,1610612762,Utah,Jazz,UTA,jazz
3387,201937,Ricky Rubio,Ricky,Rubio,1,2011,2018,ricky_rubio,1610612762,Utah,Jazz,UTA,jazz
2310,202695,Kawhi Leonard,Kawhi,Leonard,1,2011,2018,kawhi_leonard,1610612759,San Antonio,Spurs,SAS,spurs
3545,202697,Iman Shumpert,Iman,Shumpert,1,2011,2018,iman_shumpert,1610612758,Sacramento,Kings,SAC,kings
2173,202688,Brandon Knight,Brandon,Knight,1,2011,2018,brandon_knight,1610612756,Phoenix,Suns,PHX,suns
2073,202709,Cory Joseph,Cory,Joseph,1,2011,2018,cory_joseph,1610612754,Indiana,Pacers,IND,pacers
319,202687,Bismack Biyombo,Bismack,Biyombo,1,2011,2018,bismack_biyombo,1610612753,Orlando,Magic,ORL,magic
4021,202696,Nikola Vucevic,Nikola,Vucevic,1,2011,2018,nikola_vucevic,1610612753,Orlando,Magic,ORL,magic
2083,202683,Enes Kanter,Enes,Kanter,1,2011,2018,enes_kanter,1610612752,New York,Knicks,NYK,knicks
3852,202498,Lance Thomas,Lance,Thomas,1,2011,2018,lance_thomas,1610612752,New York,Knicks,NYK,knicks
569,202710,Jimmy Butler,Jimmy,Butler,1,2011,2018,jimmy_butler,1610612750,Minnesota,Timberwolves,MIN,timberwolves
3842,202738,Isaiah Thomas,Isaiah,Thomas,1,2011,2018,isaiah_thomas,1610612747,Los Angeles,Lakers,LAL,lakers
1616,202699,Tobias Harris,Tobias,Harris,1,2011,2018,tobias_harris,1610612746,LA,Clippers,LAC,clippers
3869,202691,Klay Thompson,Klay,Thompson,1,2011,2018,klay_thompson,1610612744,Golden State,Warriors,GSW,warriors
1167,202702,Kenneth Faried,Kenneth,Faried,1,2011,2018,kenneth_faried,1610612743,Denver,Nuggets,DEN,nuggets
2332,202732,DeAndre Liggins,DeAndre,Liggins,1,2011,2017,deandre_liggins,1610612740,New Orleans,Pelicans,NOP,pelicans
2728,202734,E'Twaun Moore,E'Twaun,Moore,1,2011,2018,e'twaun_moore,1610612740,New Orleans,Pelicans,NOP,pelicans
3875,202684,Tristan Thompson,Tristan,Thompson,1,2011,2018,tristan_thompson,1610612739,Cleveland,Cavaliers,CLE,cavaliers
1854,202681,Kyrie Irving,Kyrie,Irving,1,2011,2018,kyrie_irving,1610612738,Boston,Celtics,BOS,celtics
2746,202694,Marcus Morris,Marcus,Morris,1,2011,2018,marcus_morris,1610612738,Boston,Celtics,BOS,celtics
3557,202918,Xavier Silas,Xavier,Silas,1,2011,2017,xavier_silas,1610612738,Boston,Celtics,BOS,celtics
2130,203077,Michael Kidd-Gilchrist,Michael,Kidd-Gilchrist,1,2012,2018,michael_kidd-gilchrist,1610612766,Charlotte,Hornets,CHA,hornets
2242,203087,Jeremy Lamb,Jeremy,Lamb,1,2012,2018,jeremy_lamb,1610612766,Charlotte,Hornets,CHA,hornets
1032,203083,Andre Drummond,Andre,Drummond,1,2012,2018,andre_drummond,1610612765,Detroit,Pistons,DET,pistons
250,203078,Bradley Beal,Bradley,Beal,1,2012,2018,bradley_beal,1610612764,Washington,Wizards,WAS,wizards
3485,203118,Mike Scott,Mike,Scott,1,2012,2018,mike_scott,1610612764,Washington,Wizards,WAS,wizards
3816,203104,Marquis Teague,Marquis,Teague,1,2012,2017,marquis_teague,1610612763,Memphis,Grizzlies,MEM,grizzlies
830,203109,Jae Crowder,Jae,Crowder,1,2012,2018,jae_crowder,1610612762,Utah,Jazz,UTA,jazz
3970,202685,Jonas Valanciunas,Jonas,Valanciunas,1,2012,2018,jonas_valanciunas,1610612761,Toronto,Raptors,TOR,raptors
3580,202713,Kyle Singler,Kyle,Singler,1,2012,2017,kyle_singler,1610612760,Oklahoma City,Thunder,OKC,thunder
1588,203090,Maurice Harkless,Maurice,Harkless,1,2012,2018,maurice_harkless,1610612757,Portland,Trail Blazers,POR,blazers
2311,203086,Meyers Leonard,Meyers,Leonard,1,2012,2018,meyers_leonard,1610612757,Portland,Trail Blazers,POR,blazers
2334,203081,Damian Lillard,Damian,Lillard,1,2012,2018,damian_lillard,1610612757,Portland,Trail Blazers,POR,blazers
1254,203095,Evan Fournier,Evan,Fournier,1,2012,2018,evan_fournier,1610612753,Orlando,Magic,ORL,magic
3370,203082,Terrence Ross,Terrence,Ross,1,2012,2018,terrence_ross,1610612753,Orlando,Magic,ORL,magic
2923,203124,Kyle O'Quinn,Kyle,O'Quinn,1,2012,2018,kyle_o'quinn,1610612752,New York,Knicks,NYK,knicks
15,203112,Quincy Acy,Quincy,Acy,1,2012,2018,quincy_acy,1610612751,Brooklyn,Nets,BKN,nets
1689,203089,John Henson,John,Henson,1,2012,2018,john_henson,1610612749,Milwaukee,Bucks,MIL,bucks
2649,203114,Khris Middleton,Khris,Middleton,1,2012,2018,khris_middleton,1610612749,Milwaukee,Bucks,MIL,bucks
4379,203092,Tyler Zeller,Tyler,Zeller,1,2012,2018,tyler_zeller,1610612749,Milwaukee,Bucks,MIL,bucks
4031,203079,Dion Waiters,Dion,Waiters,1,2012,2018,dion_waiters,1610612748,Miami,Heat,MIA,heat
300,201976,Patrick Beverley,Patrick,Beverley,1,2012,2018,patrick_beverley,1610612746,LA,Clippers,LAC,clippers
3293,203085,Austin Rivers,Austin,Rivers,1,2012,2018,austin_rivers,1610612746,LA,Clippers,LAC,clippers
1465,203110,Draymond Green,Draymond,Green,1,2012,2018,draymond_green,1610612744,Golden State,Warriors,GSW,warriors
224,203115,Will Barton,Will,Barton,1,2012,2018,will_barton,1610612743,Denver,Nuggets,DEN,nuggets
201,203084,Harrison Barnes,Harrison,Barnes,1,2012,2018,harrison_barnes,1610612742,Dallas,Mavericks,DAL,mavericks
1752,203200,Justin Holiday,Justin,Holiday,1,2012,2018,justin_holiday,1610612741,Chicago,Bulls,CHI,bulls
878,203076,Anthony Davis,Anthony,Davis,1,2012,2018,anthony_davis,1610612740,New Orleans,Pelicans,NOP,pelicans
2669,203121,Darius Miller,Darius,Miller,1,2012,2018,darius_miller,1610612740,New Orleans,Pelicans,NOP,pelicans
246,203382,Aron Baynes,Aron,Baynes,1,2012,2018,aron_baynes,1610612738,Boston,Celtics,BOS,celtics
248,203145,Kent Bazemore,Kent,Bazemore,1,2012,2018,kent_bazemore,1610612737,Atlanta,Hawks,ATL,hawks
3115,203101,Miles Plumlee,Miles,Plumlee,1,2012,2018,miles_plumlee,1610612737,Atlanta,Hawks,ATL,hawks
639,203487,Michael Carter-Williams,Michael,Carter-Williams,1,2013,2018,michael_carter-williams,1610612766,Charlotte,Hornets,CHA,hornets
4374,203469,Cody Zeller,Cody,Zeller,1,2013,2018,cody_zeller,1610612766,Charlotte,Hornets,CHA,hornets
537,203493,Reggie Bullock,Reggie,Bullock,1,2013,2018,reggie_bullock,1610612765,Detroit,Pistons,DET,pistons
572,202779,Dwight Buycks,Dwight,Buycks,1,2013,2017,dwight_buycks,1610612765,Detroit,Pistons,DET,pistons
3135,203490,Otto Porter Jr.,Otto,Porter Jr.,1,2013,2018,otto_porter jr.,1610612764,Washington,Wizards,WAS,wizards
2593,203463,Ben McLemore,Ben,McLemore,1,2013,2018,ben_mclemore,1610612763,Memphis,Grizzlies,MEM,grizzlies
1398,203497,Rudy Gobert,Rudy,Gobert,1,2013,2018,rudy_gobert,1610612762,Utah,Jazz,UTA,jazz
498,203485,Lorenzo Brown,Lorenzo,Brown,1,2013,2018,lorenzo_brown,1610612761,Toronto,Raptors,TOR,raptors
22,203500,Steven Adams,Steven,Adams,1,2013,2018,steven_adams,1610612760,Oklahoma City,Thunder,OKC,thunder
3297,203460,Andre Roberson,Andre,Roberson,1,2013,2018,andre_roberson,1610612760,Oklahoma City,Thunder,OKC,thunder
2539,203468,CJ McCollum,CJ,McCollum,1,2013,2018,cj_mccollum,1610612757,Portland,Trail Blazers,POR,blazers
864,203584,Troy Daniels,Troy,Daniels,1,2013,2018,troy_daniels,1610612756,Phoenix,Suns,PHX,suns
2306,203458,Alex Len,Alex,Len,1,2013,2018,alex_len,1610612756,Phoenix,Suns,PHX,suns
799,203496,Robert Covington,Robert,Covington,1,2013,2018,robert_covington,1610612755,Philadelphia,76ers,PHI,sixers
2943,203506,Victor Oladipo,Victor,Oladipo,1,2013,2018,victor_oladipo,1610612754,Indiana,Pacers,IND,pacers
543,203504,Trey Burke,Trey,Burke,1,2013,2018,trey_burke,1610612752,New York,Knicks,NYK,knicks
1581,203501,Tim Hardaway Jr.,Tim,Hardaway Jr.,1,2013,2018,tim_hardaway jr.,1610612752,New York,Knicks,NYK,knicks
804,203459,Allen Crabbe,Allen,Crabbe,1,2013,2018,allen_crabbe,1610612751,Brooklyn,Nets,BKN,nets
974,203476,Gorgui Dieng,Gorgui,Dieng,1,2013,2018,gorgui_dieng,1610612750,Minnesota,Timberwolves,MIN,timberwolves
105,203507,Giannis Antetokounmpo,Giannis,Antetokounmpo,1,2013,2018,giannis_antetokounmpo,1610612749,Milwaukee,Bucks,MIL,bucks
945,203521,Matthew Dellavedova,Matthew,Dellavedova,1,2013,2018,matthew_dellavedova,1610612749,Milwaukee,Bucks,MIL,bucks
2771,203498,Shabazz Muhammad,Shabazz,Muhammad,1,2013,2017,shabazz_muhammad,1610612749,Milwaukee,Bucks,MIL,bucks
3664,203503,Tony Snell,Tony,Snell,1,2013,2018,tony_snell,1610612749,Milwaukee,Bucks,MIL,bucks
2957,203482,Kelly Olynyk,Kelly,Olynyk,1,2013,2018,kelly_olynyk,1610612748,Miami,Heat,MIA,heat
590,203484,Kentavious Caldwell-Pope,Kentavious,Caldwell-Pope,1,2013,2018,kentavious_caldwell-pope,1610612747,Los Angeles,Lakers,LAL,lakers
3114,203486,Mason Plumlee,Mason,Plumlee,1,2013,2018,mason_plumlee,1610612743,Denver,Nuggets,DEN,nuggets
848,203552,Seth Curry,Seth,Curry,1,2013,2018,seth_curry,1610612742,Dallas,Mavericks,DAL,mavericks
2877,203457,Nerlens Noel,Nerlens,Noel,1,2013,2018,nerlens_noel,1610612742,Dallas,Mavericks,DAL,mavericks
701,203546,Ian Clark,Ian,Clark,1,2013,2018,ian_clark,1610612740,New Orleans,Pelicans,NOP,pelicans
1727,203524,Solomon Hill,Solomon,Hill,1,2013,2018,solomon_hill,1610612740,New Orleans,Pelicans,NOP,pelicans
2262,203499,Shane Larkin,Shane,Larkin,1,2013,2017,shane_larkin,1610612738,Boston,Celtics,BOS,celtics
933,203473,Dewayne Dedmon,Dewayne,Dedmon,1,2013,2018,dewayne_dedmon,1610612737,Atlanta,Hawks,ATL,hawks
2802,203488,Mike Muscala,Mike,Muscala,1,2013,2018,mike_muscala,1610612737,Atlanta,Hawks,ATL,hawks
3473,203471,Dennis Schroder,Dennis,Schroder,1,2013,2018,dennis_schroder,1610612737,Atlanta,Hawks,ATL,hawks
1137,203516,James Ennis III,James,Ennis III,1,2014,2018,james_ennis iii,1610612765,Detroit,Pistons,DET,pistons
1310,204038,Langston Galloway,Langston,Galloway,1,2014,2018,langston_galloway,1610612765,Detroit,Pistons,DET,pistons
2736,203961,Eric Moreland,Eric,Moreland,1,2014,2018,eric_moreland,1610612765,Detroit,Pistons,DET,pistons
1270,204025,Tim Frazier,Tim,Frazier,1,2014,2018,tim_frazier,1610612764,Washington,Wizards,WAS,wizards
1468,203210,JaMychal Green,JaMychal,Green,1,2014,2018,jamychal_green,1610612763,Memphis,Grizzlies,MEM,grizzlies
1160,203957,Dante Exum,Dante,Exum,1,2014,2018,dante_exum,1610612762,Utah,Jazz,UTA,jazz
1848,204060,Joe Ingles,Joe,Ingles,1,2014,2018,joe_ingles,1610612762,Utah,Jazz,UTA,jazz
3734,204065,David Stockton,David,Stockton,1,2014,2017,david_stockton,1610612762,Utah,Jazz,UTA,jazz
2879,203512,Lucas Nogueira,Lucas,Nogueira,1,2014,2017,lucas_nogueira,1610612761,Toronto,Raptors,TOR,raptors
1442,203924,Jerami Grant,Jerami,Grant,1,2014,2018,jerami_grant,1610612760,Oklahoma City,Thunder,OKC,thunder
90,203937,Kyle Anderson,Kyle,Anderson,1,2014,2018,kyle_anderson,1610612759,San Antonio,Spurs,SAS,spurs
2269,203530,Joffrey Lauvergne,Joffrey,Lauvergne,1,2014,2017,joffrey_lauvergne,1610612759,San Antonio,Spurs,SAS,spurs
581,203998,Bruno Caboclo,Bruno,Caboclo,1,2014,2018,bruno_caboclo,1610612758,Sacramento,Kings,SAC,kings
772,204022,Jack Cooley,Jack,Cooley,1,2014,2017,jack_cooley,1610612758,Sacramento,Kings,SAC,kings
3422,203960,JaKarr Sampson,JaKarr,Sampson,1,2014,2018,jakarr_sampson,1610612758,Sacramento,Kings,SAC,kings
2821,203894,Shabazz Napier,Shabazz,Napier,1,2014,2018,shabazz_napier,1610612757,Portland,Trail Blazers,POR,blazers
2900,203994,Jusuf Nurkic,Jusuf,Nurkic,1,2014,2018,jusuf_nurkic,1610612757,Portland,Trail Blazers,POR,blazers
4187,203912,CJ Wilcox,CJ,Wilcox,1,2014,2017,cj_wilcox,1610612757,Portland,Trail Blazers,POR,blazers
3047,203901,Elfrid Payton,Elfrid,Payton,1,2014,2018,elfrid_payton,1610612756,Phoenix,Suns,PHX,suns
4081,203933,T.J. Warren,T.J.,Warren,1,2014,2018,tj_warren,1610612756,Phoenix,Suns,PHX,suns
1123,203954,Joel Embiid,Joel,Embiid,1,2014,2018,joel_embiid,1610612755,Philadelphia,76ers,PHI,sixers
357,202711,Bojan Bogdanovic,Bojan,Bogdanovic,1,2014,2018,bojan_bogdanovic,1610612754,Indiana,Pacers,IND,pacers
3336,203922,Glenn Robinson III,Glenn,Robinson III,1,2014,2018,glenn_robinson iii,1610612754,Indiana,Pacers,IND,pacers
1412,203932,Aaron Gordon,Aaron,Gordon,1,2014,2018,aaron_gordon,1610612753,Orlando,Magic,ORL,magic
983,203915,Spencer Dinwiddie,Spencer,Dinwiddie,1,2014,2018,spencer_dinwiddie,1610612751,Brooklyn,Nets,BKN,nets
1610,203925,Joe Harris,Joe,Harris,1,2014,2018,joe_harris,1610612751,Brooklyn,Nets,BKN,nets
3708,203917,Nik Stauskas,Nik,Stauskas,1,2014,2018,nik_stauskas,1610612751,Brooklyn,Nets,BKN,nets
4184,203952,Andrew Wiggins,Andrew,Wiggins,1,2014,2018,andrew_wiggins,1610612750,Minnesota,Timberwolves,MIN,timberwolves
3009,203953,Jabari Parker,Jabari,Parker,1,2014,2018,jabari_parker,1610612749,Milwaukee,Bucks,MIL,bucks
1999,204020,Tyler Johnson,Tyler,Johnson,1,2014,2018,tyler_johnson,1610612748,Miami,Heat,MIA,heat
1136,203898,Tyler Ennis,Tyler,Ennis,1,2014,2017,tyler_ennis,1610612747,Los Angeles,Lakers,LAL,lakers
3203,203944,Julius Randle,Julius,Randle,1,2014,2018,julius_randle,1610612747,Los Angeles,Lakers,LAL,lakers
4106,204037,Travis Wear,Travis,Wear,1,2014,2017,travis_wear,1610612747,Los Angeles,Lakers,LAL,lakers
324,204028,Tarik Black,Tarik,Black,1,2014,2017,tarik_black,1610612745,Houston,Rockets,HOU,rockets
500,203900,Markel Brown,Markel,Brown,1,2014,2017,markel_brown,1610612745,Houston,Rockets,HOU,rockets
604,203991,Clint Capela,Clint,Capela,1,2014,2018,clint_capela,1610612745,Houston,Rockets,HOU,rockets
1609,203914,Gary Harris,Gary,Harris,1,2014,2018,gary_harris,1610612743,Denver,Nuggets,DEN,nuggets
2557,203926,Doug McDermott,Doug,McDermott,1,2014,2018,doug_mcdermott,1610612742,Dallas,Mavericks,DAL,mavericks
3143,203939,Dwight Powell,Dwight,Powell,1,2014,2018,dwight_powell,1610612742,Dallas,Mavericks,DAL,mavericks
2135,203930,Sean Kilpatrick,Sean,Kilpatrick,1,2014,2017,sean_kilpatrick,1610612741,Chicago,Bulls,CHI,bulls
2233,203897,Zach LaVine,Zach,LaVine,1,2014,2018,zach_lavine,1610612741,Chicago,Bulls,CHI,bulls
4014,203943,Noah Vonleh,Noah,Vonleh,1,2014,2018,noah_vonleh,1610612741,Chicago,Bulls,CHI,bulls
1026,203580,Larry Drew II,Larry,Drew II,1,2014,2017,larry_drew ii,1610612740,New Orleans,Pelicans,NOP,pelicans
2692,202703,Nikola Mirotic,Nikola,Mirotic,1,2014,2018,nikola_mirotic,1610612740,New Orleans,Pelicans,NOP,pelicans
704,203903,Jordan Clarkson,Jordan,Clarkson,1,2014,2018,jordan_clarkson,1610612739,Cleveland,Cavaliers,CLE,cavaliers
1771,203918,Rodney Hood,Rodney,Hood,1,2014,2018,rodney_hood,1610612739,Cleveland,Cavaliers,CLE,cavaliers
3603,203935,Marcus Smart,Marcus,Smart,1,2014,2018,marcus_smart,1610612738,Boston,Celtics,BOS,celtics
2082,1626163,Frank Kaminsky,Frank,Kaminsky,1,2015,2018,frank_kaminsky,1610612766,Charlotte,Hornets,CHA,hornets
1995,1626169,Stanley Johnson,Stanley,Johnson,1,2015,2018,stanley_johnson,1610612765,Detroit,Pistons,DET,pistons
2551,1626191,Chris McCullough,Chris,McCullough,1,2015,2017,chris_mccullough,1610612764,Washington,Wizards,WAS,wizards
2972,1626162,Kelly Oubre Jr.,Kelly,Oubre Jr.,1,2015,2018,kelly_oubre jr.,1610612764,Washington,Wizards,WAS,wizards
2476,1626185,Jarell Martin,Jarell,Martin,1,2015,2018,jarell_martin,1610612763,Memphis,Grizzlies,MEM,grizzlies
4115,1627362,Briante Weber,Briante,Weber,1,2015,2017,briante_weber,1610612763,Memphis,Grizzlies,MEM,grizzlies
2851,203526,Raul Neto,Raul,Neto,1,2015,2018,raul_neto,1610612762,Utah,Jazz,UTA,jazz
3146,1626181,Norman Powell,Norman,Powell,1,2015,2018,norman_powell,1610612761,Toronto,Raptors,TOR,raptors
4341,1626153,Delon Wright,Delon,Wright,1,2015,2018,delon_wright,1610612761,Toronto,Raptors,TOR,raptors
1809,203962,Josh Huestis,Josh,Huestis,1,2015,2017,josh_huestis,1610612760,Oklahoma City,Thunder,OKC,thunder
1731,1626199,Darrun Hilliard,Darrun,Hilliard,1,2015,2017,darrun_hilliard,1610612759,San Antonio,Spurs,SAS,spurs
651,1626161,Willie Cauley-Stein,Willie,Cauley-Stein,1,2015,2018,willie_cauley-stein,1610612758,Sacramento,Kings,SAC,kings
755,1626192,Pat Connaughton,Pat,Connaughton,1,2015,2018,pat_connaughton,1610612757,Portland,Trail Blazers,POR,blazers
374,1626164,Devin Booker,Devin,Booker,1,2015,2018,devin_booker,1610612756,Phoenix,Suns,PHX,suns
4207,1626210,Alan Williams,Alan,Williams,1,2015,2018,alan_williams,1610612756,Phoenix,Suns,PHX,suns
87,1626147,Justin Anderson,Justin,Anderson,1,2015,2018,justin_anderson,1610612755,Philadelphia,76ers,PHI,sixers
1761,1626158,Richaun Holmes,Richaun,Holmes,1,2015,2018,richaun_holmes,1610612755,Philadelphia,76ers,PHI,sixers
2542,204456,T.J. McConnell,T.J.,McConnell,1,2015,2018,t.j._mcconnell,1610612755,Philadelphia,76ers,PHI,sixers
3949,1626167,Myles Turner,Myles,Turner,1,2015,2018,myles_turner,1610612754,Indiana,Pacers,IND,pacers
4363,1626202,Joe Young,Joe,Young,1,2015,2017,joe_young,1610612754,Indiana,Pacers,IND,pacers
1704,1626209,Mario Hezonja,Mario,Hezonja,1,2015,2018,mario_hezonja,1610612753,Orlando,Magic,ORL,magic
3566,203613,Jonathon Simmons,Jonathon,Simmons,1,2015,2018,jonathon_simmons,1610612753,Orlando,Magic,ORL,magic
2769,1626144,Emmanuel Mudiay,Emmanuel,Mudiay,1,2015,2018,emmanuel_mudiay,1610612752,New York,Knicks,NYK,knicks
3138,204001,Kristaps Porzingis,Kristaps,Porzingis,1,2015,2018,kristaps_porzingis,1610612752,New York,Knicks,NYK,knicks
1760,1626178,Rondae Hollis-Jefferson,Rondae,Hollis-Jefferson,1,2015,2018,rondae_hollis-jefferson,1610612751,Brooklyn,Nets,BKN,nets
2939,1626143,Jahlil Okafor,Jahlil,Okafor,1,2015,2018,jahlil_okafor,1610612751,Brooklyn,Nets,BKN,nets
3407,1626156,D'Angelo Russell,D'Angelo,Russell,1,2015,2018,d'angelo_russell,1610612751,Brooklyn,Nets,BKN,nets
320,202357,Nemanja Bjelica,Nemanja,Bjelica,1,2015,2018,nemanja_bjelica,1610612750,Minnesota,Timberwolves,MIN,timberwolves
475,1626148,Anthony Brown,Anthony,Brown,1,2015,2017,anthony_brown,1610612750,Minnesota,Timberwolves,MIN,timberwolves
2053,1626145,Tyus Jones,Tyus,Jones,1,2015,2018,tyus_jones,1610612750,Minnesota,Timberwolves,MIN,timberwolves
3914,1626157,Karl-Anthony Towns,Karl-Anthony,Towns,1,2015,2018,karl-anthony_towns,1610612750,Minnesota,Timberwolves,MIN,timberwolves
2778,204098,Xavier Munford,Xavier,Munford,1,2015,2017,xavier_munford,1610612749,Milwaukee,Bucks,MIL,bucks
2648,1626175,Jordan Mickey,Jordan,Mickey,1,2015,2017,jordan_mickey,1610612748,Miami,Heat,MIA,heat
3268,1626196,Josh Richardson,Josh,Richardson,1,2015,2018,josh_richardson,1610612748,Miami,Heat,MIA,heat
4304,1626159,Justise Winslow,Justise,Winslow,1,2015,2018,justise_winslow,1610612748,Miami,Heat,MIA,heat
938,1626155,Sam Dekker,Sam,Dekker,1,2015,2018,sam_dekker,1610612746,LA,Clippers,LAC,clippers
1597,1626149,Montrezl Harrell,Montrezl,Harrell,1,2015,2018,montrezl_harrell,1610612746,LA,Clippers,LAC,clippers
2454,1626246,Boban Marjanovic,Boban,Marjanovic,1,2015,2018,boban_marjanovic,1610612746,LA,Clippers,LAC,clippers
1829,1626154,RJ Hunter,RJ,Hunter,1,2015,2018,rj_hunter,1610612745,Houston,Rockets,HOU,rockets
2360,1626172,Kevon Looney,Kevon,Looney,1,2015,2018,kevon_looney,1610612744,Golden State,Warriors,GSW,warriors
2006,203999,Nikola Jokic,Nikola,Jokic,1,2015,2018,nikola_jokic,1610612743,Denver,Nuggets,DEN,nuggets
2391,1626168,Trey Lyles,Trey,Lyles,1,2015,2018,trey_lyles,1610612743,Denver,Nuggets,DEN,nuggets
1618,1626151,Aaron Harrison,Aaron,Harrison,1,2015,2017,aaron_harrison,1610612742,Dallas,Mavericks,DAL,mavericks
2627,1626257,Salah Mejri,Salah,Mejri,1,2015,2018,salah_mejri,1610612742,Dallas,Mavericks,DAL,mavericks
1077,204067,Jarell Eddie,Jarell,Eddie,1,2015,2017,jarell_eddie,1610612741,Chicago,Bulls,CHI,bulls
1186,1626245,Cristiano Felicio,Cristiano,Felicio,1,2015,2018,cristiano_felicio,1610612741,Chicago,Bulls,CHI,bulls
1443,1626170,Jerian Grant,Jerian,Grant,1,2015,2018,jerian_grant,1610612741,Chicago,Bulls,CHI,bulls
3044,1626166,Cameron Payne,Cameron,Payne,1,2015,2018,cameron_payne,1610612741,Chicago,Bulls,CHI,bulls
3136,1626171,Bobby Portis,Bobby,Portis,1,2015,2018,bobby_portis,1610612741,Chicago,Bulls,CHI,bulls
2820,1626204,Larry Nance Jr.,Larry,Nance Jr.,1,2015,2018,larry_nance jr.,1610612739,Cleveland,Cavaliers,CLE,cavaliers
3386,1626179,Terry Rozier,Terry,Rozier,1,2015,2018,terry_rozier,1610612738,Boston,Celtics,BOS,celtics
1431,1626203,Treveon Graham,Treveon,Graham,1,2016,2018,treveon_graham,1610612766,Charlotte,Hornets,CHA,hornets
1694,1626195,Willy Hernangomez,Willy,Hernangomez,1,2016,2018,willy_hernangomez,1610612766,Charlotte,Hornets,CHA,hornets
1105,1627740,Henry Ellenson,Henry,Ellenson,1,2016,2018,henry_ellenson,1610612765,Detroit,Pistons,DET,pistons
1185,1627770,Kay Felder,Kay,Felder,1,2016,2017,kay_felder,1610612765,Detroit,Pistons,DET,pistons
3439,203107,Tomas Satoransky,Tomas,Satoransky,1,2016,2018,tomas_satoransky,1610612764,Washington,Wizards,WAS,wizards
890,1627738,Deyonta Davis,Deyonta,Davis,1,2016,2018,deyonta_davis,1610612763,Memphis,Grizzlies,MEM,grizzlies
1619,1626150,Andrew Harrison,Andrew,Harrison,1,2016,2018,andrew_harrison,1610612763,Memphis,Grizzlies,MEM,grizzlies
3499,1627782,Wayne Selden,Wayne,Selden,1,2016,2018,wayne_selden,1610612763,Memphis,Grizzlies,MEM,grizzlies
2861,1627777,Georges Niang,Georges,Niang,1,2016,2018,georges_niang,1610612762,Utah,Jazz,UTA,jazz
3118,1627751,Jakob Poeltl,Jakob,Poeltl,1,2016,2018,jakob_poeltl,1610612761,Toronto,Raptors,TOR,raptors
3269,1627781,Malachi Richardson,Malachi,Richardson,1,2016,2018,malachi_richardson,1610612761,Toronto,Raptors,TOR,raptors
3547,1627783,Pascal Siakam,Pascal,Siakam,1,2016,2018,pascal_siakam,1610612761,Toronto,Raptors,TOR,raptors
3982,1627832,Fred VanVleet,Fred,VanVleet,1,2016,2018,fred_vanvleet,1610612761,Toronto,Raptors,TOR,raptors
10,203518,Alex Abrines,Alex,Abrines,1,2016,2018,alex_abrines,1610612760,Oklahoma City,Thunder,OKC,thunder
297,202722,Davis Bertans,Davis,Bertans,1,2016,2018,davis_bertans,1610612759,San Antonio,Spurs,SAS,spurs
1233,1627854,Bryn Forbes,Bryn,Forbes,1,2016,2018,bryn_forbes,1610612759,San Antonio,Spurs,SAS,spurs
2793,1627749,Dejounte Murray,Dejounte,Murray,1,2016,2018,dejounte_murray,1610612759,San Antonio,Spurs,SAS,spurs
1710,1627741,Buddy Hield,Buddy,Hield,1,2016,2018,buddy_hield,1610612758,Sacramento,Kings,SAC,kings
2234,1627746,Skal Labissiere,Skal,Labissiere,1,2016,2018,skal_labissiere,1610612758,Sacramento,Kings,SAC,kings
180,1627735,Wade Baldwin IV,Wade,Baldwin IV,1,2016,2018,wade_baldwin iv,1610612757,Portland,Trail Blazers,POR,blazers
2277,1627774,Jake Layman,Jake,Layman,1,2016,2018,jake_layman,1610612757,Portland,Trail Blazers,POR,blazers
3001,1627834,Georgios Papagiannis,Georgios,Papagiannis,1,2016,2017,georgios_papagiannis,1610612757,Portland,Trail Blazers,POR,blazers
277,1627733,Dragan Bender,Dragan,Bender,1,2016,2018,dragan_bender,1610612756,Phoenix,Suns,PHX,suns
687,1627737,Marquese Chriss,Marquese,Chriss,1,2016,2018,marquese_chriss,1610612756,Phoenix,Suns,PHX,suns
1789,1627863,Danuel House Jr.,Danuel,House Jr.,1,2016,2018,danuel_house,1610612756,Phoenix,Suns,PHX,suns
3963,1627755,Tyler Ulis,Tyler,Ulis,1,2016,2018,tyler_ulis,1610612756,Phoenix,Suns,PHX,suns
1867,1627743,Demetrius Jackson,Demetrius,Jackson,1,2016,2018,demetrius_jackson,1610612755,Philadelphia,76ers,PHI,sixers
2389,1627789,Timothe Luwawu-Cabarrot,Timothe,Luwawu-Cabarrot,1,2016,2018,timothe_luwawu-cabarrot,1610612755,Philadelphia,76ers,PHI,sixers
3436,203967,Dario Saric,Dario,Saric,1,2016,2018,dario_saric,1610612755,Philadelphia,76ers,PHI,sixers
3561,1627732,Ben Simmons,Ben,Simmons,1,2016,2018,ben_simmons,1610612755,Philadelphia,76ers,PHI,sixers
3148,1627816,Alex Poythress,Alex,Poythress,1,2016,2018,alex_poythress,1610612754,Indiana,Pacers,IND,pacers
3412,1627734,Domantas Sabonis,Domantas,Sabonis,1,2016,2018,domantas_sabonis,1610612754,Indiana,Pacers,IND,pacers
178,1627758,Ron Baker,Ron,Baker,1,2016,2018,ron_baker,1610612752,New York,Knicks,NYK,knicks
4271,1627786,Troy Williams,Troy,Williams,1,2016,2018,troy_williams,1610612752,New York,Knicks,NYK,knicks
2279,1627747,Caris LeVert,Caris,LeVert,1,2016,2018,caris_levert,1610612751,Brooklyn,Nets,BKN,nets
4173,1627785,Isaiah Whitehead,Isaiah,Whitehead,1,2016,2018,isaiah_whitehead,1610612751,Brooklyn,Nets,BKN,nets
1358,1627875,Marcus Georges-Hunt,Marcus,Georges-Hunt,1,2016,2017,marcus_georges-hunt,1610612750,Minnesota,Timberwolves,MIN,timberwolves
465,1627763,Malcolm Brogdon,Malcolm,Brogdon,1,2016,2018,malcolm_brogdon,1610612749,Milwaukee,Bucks,MIL,bucks
2429,1627748,Thon Maker,Thon,Maker,1,2016,2018,thon_maker,1610612749,Milwaukee,Bucks,MIL,bucks
3113,1627850,Marshall Plumlee,Marshall,Plumlee,1,2016,2017,marshall_plumlee,1610612749,Milwaukee,Bucks,MIL,bucks
2060,1627884,Derrick Jones Jr.,Derrick,Jones Jr.,1,2016,2018,derrick_jones jr.,1610612748,Miami,Heat,MIA,heat
2574,203585,Rodney McGruder,Rodney,McGruder,1,2016,2018,rodney_mcgruder,1610612748,Miami,Heat,MIA,heat
1851,1627742,Brandon Ingram,Brandon,Ingram,1,2016,2018,brandon_ingram,1610612747,Los Angeles,Lakers,LAL,lakers
3050,1627780,Gary Payton II,Gary,Payton II,1,2016,2018,gary_payton ii,1610612747,Los Angeles,Lakers,LAL,lakers
4390,1627826,Ivica Zubac,Ivica,Zubac,1,2016,2018,ivica_zubac,1610612747,Los Angeles,Lakers,LAL,lakers
2959,1627778,Chinanu Onuaku,Chinanu,Onuaku,1,2016,2017,chinanu_onuaku,1610612745,Houston,Rockets,HOU,rockets
768,1626188,Quinn Cook,Quinn,Cook,1,2016,2018,quinn_cook,1610612744,Golden State,Warriors,GSW,warriors
2019,1627745,Damian Jones,Damian,Jones,1,2016,2018,damian_jones,1610612744,Golden State,Warriors,GSW,warriors
2533,1627775,Patrick McCaw,Patrick,McCaw,1,2016,2018,patrick_mccaw,1610612744,Golden State,Warriors,GSW,warriors
254,1627736,Malik Beasley,Malik,Beasley,1,2016,2018,malik_beasley,1610612743,Denver,Nuggets,DEN,nuggets
1693,1627823,Juancho Hernangomez,Juancho,Hernangomez,1,2016,2018,juan_hernangomez,1610612743,Denver,Nuggets,DEN,nuggets
2795,1627750,Jamal Murray,Jamal,Murray,1,2016,2018,jamal_murray,1610612743,Denver,Nuggets,DEN,nuggets
1200,1627812,Yogi Ferrell,Yogi,Ferrell,1,2016,2018,yogi_ferrell,1610612742,Dallas,Mavericks,DAL,mavericks
1212,1627827,Dorian Finney-Smith,Dorian,Finney-Smith,1,2016,2018,dorian_finney-smith,1610612742,Dallas,Mavericks,DAL,mavericks
1052,1627739,Kris Dunn,Kris,Dunn,1,2016,2018,kris_dunn,1610612741,Chicago,Bulls,CHI,bulls
2902,1628021,David Nwaba,David,Nwaba,1,2016,2018,david_nwaba,1610612741,Chicago,Bulls,CHI,bulls
3972,1627756,Denzel Valentine,Denzel,Valentine,1,2016,2018,denzel_valentine,1610612741,Chicago,Bulls,CHI,bulls
4386,1627835,Paul Zipser,Paul,Zipser,1,2016,2017,paul_zipser,1610612741,Chicago,Bulls,CHI,bulls
962,1627767,Cheick Diallo,Cheick,Diallo,1,2016,2018,cheick_diallo,1610612740,New Orleans,Pelicans,NOP,pelicans
4163,1627855,Okaro White,Okaro,White,1,2016,2018,okaro_white,1610612739,Cleveland,Cavaliers,CLE,cavaliers
492,1627759,Jaylen Brown,Jaylen,Brown,1,2016,2018,jaylen_brown,1610612738,Boston,Celtics,BOS,celtics
1367,1626780,Jonathan Gibson,Jonathan,Gibson,1,2016,2018,jonathan_gibson,1610612738,Boston,Celtics,BOS,celtics
274,1627761,DeAndre' Bembry,DeAndre',Bembry,1,2016,2018,deandre'_bembry,1610612737,Atlanta,Hawks,ATL,hawks
940,1627098,Malcolm Delaney,Malcolm,Delaney,1,2016,2017,malcolm_delaney,1610612737,Atlanta,Hawks,ATL,hawks
3162,1627752,Taurean Prince,Taurean,Prince,1,2016,2018,taurean_prince,1610612737,Atlanta,Hawks,ATL,hawks
3802,1627819,Isaiah Taylor,Isaiah,Taylor,1,2016,2017,isaiah_taylor,1610612737,Atlanta,Hawks,ATL,hawks
164,1628407,Dwayne Bacon,Dwayne,Bacon,1,2017,2018,dwayne_bacon,1610612766,Charlotte,Hornets,CHA,hornets
2494,1628493,Mangok Mathiang,Mangok,Mathiang,1,2017,2017,mangok_mathiang,1610612766,Charlotte,Hornets,CHA,hornets
2717,1628370,Malik Monk,Malik,Monk,1,2017,2018,malik_monk,1610612766,Charlotte,Hornets,CHA,hornets
2993,1627779,Marcus Paige,Marcus,Paige,1,2017,2017,marcus_paige,1610612766,Charlotte,Hornets,CHA,hornets
1664,203687,Reggie Hearn,Reggie,Hearn,1,2017,2017,reggie_hearn,1610612765,Detroit,Pistons,DET,pistons
2112,1628379,Luke Kennard,Luke,Kennard,1,2017,2018,luke_kennard,1610612765,Detroit,Pistons,DET,pistons
3319,1628421,Devin Robinson,Devin,Robinson,1,2017,2018,devin_robinson,1610612764,Washington,Wizards,WAS,wizards
469,1628415,Dillon Brooks,Dillon,Brooks,1,2017,2018,dillon_brooks,1610612763,Memphis,Grizzlies,MEM,grizzlies
1686,1627988,Myke Henry,Myke,Henry,1,2017,2017,myke_henry,1610612763,Memphis,Grizzlies,MEM,grizzlies
3180,1628397,Ivan Rabb,Ivan,Rabb,1,2017,2018,ivan_rabb,1610612763,Memphis,Grizzlies,MEM,grizzlies
3567,1628424,Kobi Simmons,Kobi,Simmons,1,2017,2018,kobi_simmons,1610612763,Memphis,Grizzlies,MEM,grizzlies
422,1628396,Tony Bradley,Tony,Bradley,1,2017,2018,tony_bradley,1610612762,Utah,Jazz,UTA,jazz
2550,1628571,Erik McCree,Erik,McCree,1,2017,2017,erik_mccree,1610612762,Utah,Jazz,UTA,jazz
2695,1628378,Donovan Mitchell,Donovan,Mitchell,1,2017,2018,donovan_mitchell,1610612762,Utah,Jazz,UTA,jazz
2921,1626220,Royce O'Neale,Royce,O'Neale,1,2017,2018,royce_o'neale,1610612762,Utah,Jazz,UTA,jazz
112,1628384,OG Anunoby,OG,Anunoby,1,2017,2018,og_anunoby,1610612761,Toronto,Raptors,TOR,raptors
2592,1628035,Alfonzo McKinnie,Alfonzo,McKinnie,1,2017,2018,alfonzo_mckinnie,1610612761,Toronto,Raptors,TOR,raptors
2674,1626259,Malcolm Miller,Malcolm,Miller,1,2017,2018,malcolm_miller,1610612761,Toronto,Raptors,TOR,raptors
1018,1628408,PJ Dozier,PJ,Dozier,1,2017,2018,pj_dozier,1610612760,Oklahoma City,Thunder,OKC,thunder
1194,1628390,Terrance Ferguson,Terrance,Ferguson,1,2017,2018,terrance_ferguson,1610612760,Oklahoma City,Thunder,OKC,thunder
1548,1627772,Daniel Hamilton,Daniel,Hamilton,1,2017,2018,daniel_hamilton,1610612760,Oklahoma City,Thunder,OKC,thunder
1953,1626177,Dakari Johnson,Dakari,Johnson,1,2017,2017,dakari_johnson,1610612760,Oklahoma City,Thunder,OKC,thunder
788,1627856,Matt Costello,Matt,Costello,1,2017,2017,matt_costello,1610612759,San Antonio,Spurs,SAS,spurs
3033,203464,Brandon Paul,Brandon,Paul,1,2017,2017,brandon_paul,1610612759,San Antonio,Spurs,SAS,spurs
4156,1628401,Derrick White,Derrick,White,1,2017,2018,derrick_white,1610612759,San Antonio,Spurs,SAS,spurs
356,203992,Bogdan Bogdanovic,Bogdan,Bogdanovic,1,2017,2018,bogdan_bogdanovic,1610612758,Sacramento,Kings,SAC,kings
1258,1628368,De'Aaron Fox,De'Aaron,Fox,1,2017,2018,de'aaron_fox,1610612758,Sacramento,Kings,SAC,kings
1374,1628385,Harry Giles III,Harry,Giles III,1,2017,2018,harry_giles,1610612758,Sacramento,Kings,SAC,kings
1652,1628502,Nigel Hayes,Nigel,Hayes,1,2017,2017,nigel_hayes,1610612758,Sacramento,Kings,SAC,kings
1874,1628382,Justin Jackson,Justin,Jackson,1,2017,2018,justin_jackson,1610612758,Sacramento,Kings,SAC,kings
2489,1628412,Frank Mason,Frank,Mason,1,2017,2018,frank_mason,1610612758,Sacramento,Kings,SAC,kings
740,1628380,Zach Collins,Zach,Collins,1,2017,2018,zach_collins,1610612757,Portland,Trail Blazers,POR,blazers
3777,1628403,Caleb Swanigan,Caleb,Swanigan,1,2017,2018,caleb_swanigan,1610612757,Portland,Trail Blazers,POR,blazers
1622,1627885,Shaquille Harrison,Shaquille,Harrison,1,2017,2018,shaquille_harrison,1610612756,Phoenix,Suns,PHX,suns
1873,1628367,Josh Jackson,Josh,Jackson,1,2017,2018,josh_jackson,1610612756,Phoenix,Suns,PHX,suns
3074,1628409,Alec Peters,Alec,Peters,1,2017,2017,alec_peters,1610612756,Phoenix,Suns,PHX,suns
3232,1628432,Davon Reed,Davon,Reed,1,2017,2018,davon_reed,1610612756,Phoenix,Suns,PHX,suns
1294,1628365,Markelle Fultz,Markelle,Fultz,1,2017,2018,markelle_fultz,1610612755,Philadelphia,76ers,PHI,sixers
2190,1627788,Furkan Korkmaz,Furkan,Korkmaz,1,2017,2018,furkan_korkmaz,1610612755,Philadelphia,76ers,PHI,sixers
102,1628387,Ike Anigbogu,Ike,Anigbogu,1,2017,2018,ike_anigbogu,1610612754,Indiana,Pacers,IND,pacers
2280,1628388,TJ Leaf,TJ,Leaf,1,2017,2018,tj_leaf,1610612754,Indiana,Pacers,IND,pacers
2727,1628500,Ben Moore,Ben,Moore,1,2017,2018,ben_moore,1610612754,Indiana,Pacers,IND,pacers
3766,1628410,Edmond Sumner,Edmond,Sumner,1,2017,2018,edmond_sumner,1610612754,Indiana,Pacers,IND,pacers
137,1628503,Jamel Artis,Jamel,Artis,1,2017,2017,jamel_artis,1610612753,Orlando,Magic,ORL,magic
313,203920,Khem Birch,Khem,Birch,1,2017,2018,khem_birch,1610612753,Orlando,Magic,ORL,magic
1855,1628371,Jonathan Isaac,Jonathan,Isaac,1,2017,2018,jonathan_isaac,1610612753,Orlando,Magic,ORL,magic
1860,1628411,Wes Iwundu,Wes,Iwundu,1,2017,2018,wes_iwundu,1610612753,Orlando,Magic,ORL,magic
3173,1628681,Rodney Purvis,Rodney,Purvis,1,2017,2017,rodney_purvis,1610612753,Orlando,Magic,ORL,magic
1004,1628422,Damyean Dotson,Damyean,Dotson,1,2017,2018,damyean_dotson,1610612752,New York,Knicks,NYK,knicks
1707,1628439,Isaiah Hicks,Isaiah,Hicks,1,2017,2018,isaiah_hicks,1610612752,New York,Knicks,NYK,knicks
2192,1628436,Luke Kornet,Luke,Kornet,1,2017,2018,luke_kornet,1610612752,New York,Knicks,NYK,knicks
2897,1628373,Frank Ntilikina,Frank,Ntilikina,1,2017,2018,frank_ntilikina,1610612752,New York,Knicks,NYK,knicks
54,1628386,Jarrett Allen,Jarrett,Allen,1,2017,2018,jarrett_allen,1610612751,Brooklyn,Nets,BKN,nets
1017,1628495,Milton Doyle,Milton,Doyle,1,2017,2017,milton_doyle,1610612751,Brooklyn,Nets,BKN,nets
4113,1627821,James Webb III,James,Webb III,1,2017,2017,james_webb iii,1610612751,Brooklyn,Nets,BKN,nets
1919,1628518,Amile Jefferson,Amile,Jefferson,1,2017,2018,amile_jefferson,1610612750,Minnesota,Timberwolves,MIN,timberwolves
3032,1628383,Justin Patton,Justin,Patton,1,2017,2018,justin_patton,1610612750,Minnesota,Timberwolves,MIN,timberwolves
510,1628425,Sterling Brown,Sterling,Brown,1,2017,2018,sterling_brown,1610612749,Milwaukee,Bucks,MIL,bucks
4284,1628391,D.J. Wilson,D.J.,Wilson,1,2017,2018,d.j._wilson,1610612749,Milwaukee,Bucks,MIL,bucks
24,1628389,Bam Adebayo,Bam,Adebayo,1,2017,2018,bam_adebayo,1610612748,Miami,Heat,MIA,heat
4067,1628476,Derrick Walton Jr.,Derrick,Walton Jr.,1,2017,2017,derrick_walton jr.,1610612748,Miami,Heat,MIA,heat
183,1628366,Lonzo Ball,Lonzo,Ball,1,2017,2018,lonzo_ball,1610612747,Los Angeles,Lakers,LAL,lakers
523,1628418,Thomas Bryant,Thomas,Bryant,1,2017,2018,thomas_bryant,1610612747,Los Angeles,Lakers,LAL,lakers
642,1627936,Alex Caruso,Alex,Caruso,1,2017,2018,alex_caruso,1610612747,Los Angeles,Lakers,LAL,lakers
1624,1628404,Josh Hart,Josh,Hart,1,2017,2018,josh_hart,1610612747,Los Angeles,Lakers,LAL,lakers
1850,201281,Andre Ingram,Andre,Ingram,1,2017,2018,andre_ingram,1610612747,Los Angeles,Lakers,LAL,lakers
2225,1628398,Kyle Kuzma,Kyle,Kuzma,1,2017,2018,kyle_kuzma,1610612747,Los Angeles,Lakers,LAL,lakers
1151,1628393,Jawun Evans,Jawun,Evans,1,2017,2018,jawun_evans,1610612746,LA,Clippers,LAC,clippers
3820,1628462,Milos Teodosic,Milos,Teodosic,1,2017,2018,milos_teodosic,1610612746,LA,Clippers,LAC,clippers
3880,1628414,Sindarius Thornwell,Sindarius,Thornwell,1,2017,2018,sindarius_thornwell,1610612746,LA,Clippers,LAC,clippers
4056,1627820,Tyrone Wallace,Tyrone,Wallace,1,2017,2018,tyrone_wallace,1610612746,LA,Clippers,LAC,clippers
4214,203710,C.J. Williams,C.J.,Williams,1,2017,2018,c.j._williams,1610612746,LA,Clippers,LAC,clippers
1862,1628935,Aaron Jackson,Aaron,Jackson,1,2017,2017,aaron_jackson,1610612745,Houston,Rockets,HOU,rockets
3175,1627753,Zhou Qi,Zhou Qi,Zhou Qi,1,2017,2018,zhou_qi,1610612745,Houston,Rockets,HOU,rockets
269,1628395,Jordan Bell,Jordan,Bell,1,2017,2018,jordan_bell,1610612744,Golden State,Warriors,GSW,warriors
805,1628470,Torrey Craig,Torrey,Craig,1,2017,2018,torrey_craig,1610612743,Denver,Nuggets,DEN,nuggets
2390,1628399,Tyler Lydon,Tyler,Lydon,1,2017,2018,tyler_lydon,1610612743,Denver,Nuggets,DEN,nuggets
2749,1628420,Monte Morris,Monte,Morris,1,2017,2018,monte_morris,1610612743,Denver,Nuggets,DEN,nuggets
741,1627858,Kyle Collinsworth,Kyle,Collinsworth,1,2017,2017,kyle_collinsworth,1610612742,Dallas,Mavericks,DAL,mavericks
2031,1627883,Jalen Jones,Jalen,Jones,1,2017,2018,jalen_jones,1610612742,Dallas,Mavericks,DAL,mavericks
2164,1628467,Maxi Kleber,Maxi,Kleber,1,2017,2018,maxi_kleber,1610612742,Dallas,Mavericks,DAL,mavericks
2763,1628405,Johnathan Motley,Johnathan,Motley,1,2017,2018,johnathan_motley,1610612742,Dallas,Mavericks,DAL,mavericks
3660,1628372,Dennis Smith Jr.,Dennis,Smith Jr.,1,2017,2018,dennis_smith jr.,1610612742,Dallas,Mavericks,DAL,mavericks
118,1627853,Ryan Arcidiacono,Ryan,Arcidiacono,1,2017,2018,ryan_arcidiacono,1610612741,Chicago,Bulls,CHI,bulls
334,1628469,Antonio Blakeney,Antonio,Blakeney,1,2017,2018,antonio_blakeney,1610612741,Chicago,Bulls,CHI,bulls
2455,1628374,Lauri Markkanen,Lauri,Markkanen,1,2017,2018,lauri_markkanen,1610612741,Chicago,Bulls,CHI,bulls
769,1628429,Charles Cooke,Charles,Cooke,1,2017,2017,charles_cooke,1610612740,New Orleans,Pelicans,NOP,pelicans
1868,1628402,Frank Jackson,Frank,Jackson,1,2017,2018,frank_jackson,1610612740,New Orleans,Pelicans,NOP,pelicans
2966,1626224,Cedi Osman,Cedi,Osman,1,2017,2018,cedi_osman,1610612739,Cleveland,Cavaliers,CLE,cavaliers
4387,1627790,Ante Zizic,Ante,Zizic,1,2017,2018,ante_zizic,1610612739,Cleveland,Cavaliers,CLE,cavaliers
56,1628443,Kadeem Allen,Kadeem,Allen,1,2017,2018,kadeem_allen,1610612738,Boston,Celtics,BOS,celtics
314,1628444,Jabari Bird,Jabari,Bird,1,2017,2017,jabari_bird,1610612738,Boston,Celtics,BOS,celtics
2814,1627846,Abdel Nader,Abdel,Nader,1,2017,2018,abdel_nader,1610612738,Boston,Celtics,BOS,celtics
2937,1628400,Semi Ojeleye,Semi,Ojeleye,1,2017,2018,semi_ojeleye,1610612738,Boston,Celtics,BOS,celtics
3796,1628369,Jayson Tatum,Jayson,Tatum,1,2017,2018,jayson_tatum,1610612738,Boston,Celtics,BOS,celtics
3830,1628464,Daniel Theis,Daniel,Theis,1,2017,2018,daniel_theis,1610612738,Boston,Celtics,BOS,celtics
4352,1627824,Guerschon Yabusele,Guerschon,Yabusele,1,2017,2018,guerschon_yabusele,1610612738,Boston,Celtics,BOS,celtics
654,1628463,Tyler Cavanaugh,Tyler,Cavanaugh,1,2017,2018,tyler_cavanaugh,1610612737,Atlanta,Hawks,ATL,hawks
712,1628499,Antonius Cleveland,Antonius,Cleveland,1,2017,2017,antonius_cleveland,1610612737,Atlanta,Hawks,ATL,hawks
737,1628381,John Collins,John,Collins,1,2017,2018,john_collins,1610612737,Atlanta,Hawks,ATL,hawks
1003,1628416,Tyler Dorsey,Tyler,Dorsey,1,2017,2018,tyler_dorsey,1610612737,Atlanta,Hawks,ATL,hawks
2290,1627814,Damion Lee,Damion,Lee,1,2017,2018,damion_lee,1610612737,Atlanta,Hawks,ATL,hawks
2419,203705,Josh Magette,Josh,Magette,1,2017,2017,josh_magette,1610612737,Atlanta,Hawks,ATL,hawks
2745,1628537,Jaylen Morris,Jaylen,Morris,1,2017,2018,jaylen_morris,1610612737,Atlanta,Hawks,ATL,hawks
4172,1628510,Andrew White III,Andrew,White III,1,2017,2017,andrew_white,1610612737,Atlanta,Hawks,ATL,hawks
